hardness,depth,brightness,roughness,warmth,sharpness,boominess,reverb,filename,machine_id,machine_type,label
56.63376481398251,42.08650404028688,59.92012802441512,60.09000893007612,43.96355990270956,46.855115823026445,19.722388718485405,1,00000000.wav,id_00,pump,abnormal
54.9353498931485,41.10637051923975,59.89083131171634,60.10380506782822,44.67428603258735,46.84707602451292,20.728532067282323,1,00000001.wav,id_00,pump,abnormal
55.28252094495824,43.35653797189749,61.05130743360313,61.06380059777145,44.01553099792048,47.91247976378492,20.316700656820363,1,00000002.wav,id_00,pump,abnormal
53.03898647436319,51.0571968808182,60.74701994325488,55.997875281394,43.876826518704526,47.13466291533694,20.401379331396004,1,00000003.wav,id_00,pump,abnormal
54.00292870659956,50.24915856565915,60.47313411259771,59.61874439826754,44.45217283583471,47.37137466559477,20.326325852072667,1,00000004.wav,id_00,pump,abnormal
51.58239318627852,43.66614686523591,61.13757364049633,61.6542624261429,43.84383615259488,48.07470231277625,20.350162820557568,1,00000005.wav,id_00,pump,abnormal
54.9499059530483,44.14387876791992,60.76246434445047,59.88640503189483,43.622933953911,47.81045959661401,19.28130760376545,1,00000006.wav,id_00,pump,abnormal
57.69951071785261,42.54474032502892,60.050734346646216,58.82204370265079,44.13032714038204,47.26494725380894,19.315888496304808,1,00000007.wav,id_00,pump,abnormal
53.13015790963527,41.03273705621139,59.9533388487588,57.11115220231082,44.20165771064038,46.851879054133626,20.46834602760913,0,00000008.wav,id_00,pump,abnormal
61.08760288739654,41.27676501853881,59.93023075254041,59.59621278757696,44.21007711230302,47.13599476087105,20.78889646531749,1,00000009.wav,id_00,pump,abnormal
55.20860414818213,49.33008033739428,60.15253690258931,59.837328308603176,44.50443201791524,47.00124998825193,20.38418296228596,1,00000010.wav,id_00,pump,abnormal
53.38044708494502,36.404891168863,59.52796772344876,55.86690961132442,44.45572583026771,46.150166215867046,20.487156250883167,0,00000011.wav,id_00,pump,abnormal
51.89214291782628,38.70643204354704,59.51886464750204,55.620450985608095,44.71920374917031,46.55194542679188,20.55334779668756,1,00000012.wav,id_00,pump,abnormal
52.65804036970837,49.58570844988016,60.4141096871738,60.952297246703935,44.36640148603031,47.41570355669247,20.97493938342746,1,00000013.wav,id_00,pump,abnormal
53.76418756066636,52.91265067127014,60.58395190626143,55.90103553349677,44.242045058228406,47.286179815017576,20.77034835017237,1,00000014.wav,id_00,pump,abnormal
53.44299468559518,51.50286333699584,59.68742527101664,59.660161786457344,44.41825522015454,46.69136209658739,20.49810673663665,0,00000015.wav,id_00,pump,abnormal
52.23797230232523,35.5535790083384,59.99650634386733,54.37159451082464,44.06848104239656,46.91495324530931,20.135732313995376,1,00000016.wav,id_00,pump,abnormal
53.37378513016205,49.632885188570285,60.4267633702643,59.81924897801868,44.00864210957563,47.54013399842543,20.782924112299977,1,00000017.wav,id_00,pump,abnormal
52.95404547025026,42.20776734178679,60.441339932009285,59.40551928773125,44.11011761091443,47.52729712631592,19.596716475164264,0,00000018.wav,id_00,pump,abnormal
55.145884830542,44.15048205972777,61.104662081674974,59.95378971560651,43.82950232329332,48.18617066006422,20.653998974679944,1,00000019.wav,id_00,pump,abnormal
54.45542509707249,47.82145036401023,60.482870619437726,52.77945482339872,43.71121477021294,46.84156718436186,21.443799377045195,1,00000020.wav,id_00,pump,abnormal
55.27283325526059,41.90652601338334,60.174132832926574,56.97542089831925,44.146207456884426,47.23545959443658,20.039357278926246,1,00000021.wav,id_00,pump,abnormal
53.75348661862404,48.800575484312944,60.71872417023198,59.59223859877304,43.97243849038927,47.70185697600071,21.294638046397665,1,00000022.wav,id_00,pump,abnormal
56.50076907729371,45.7048085528432,60.524961658690415,60.50011545403704,43.87479653798012,47.977395803290975,20.374644811706787,1,00000023.wav,id_00,pump,abnormal
55.50270330120935,48.11379639227265,60.26578164512354,59.9282099653752,44.06961125798761,47.51402468443244,20.724407445478928,1,00000024.wav,id_00,pump,abnormal
54.47282225214224,45.45099655453456,60.09223269509289,58.06714366740847,44.171897557841966,47.4820879468918,20.6297421071834,1,00000025.wav,id_00,pump,abnormal
56.26988631676204,45.91931102383192,63.71295037069432,55.31113823227297,41.91896430974462,50.48606897540824,22.08061189889482,1,00000026.wav,id_00,pump,abnormal
59.11764462157535,47.10279757868942,64.23948275951722,55.02819592232927,41.28003080326254,50.65957572529838,22.68718596512567,1,00000027.wav,id_00,pump,abnormal
59.8248870592526,47.671318955593534,65.49448006907781,60.09144241952714,41.22203572952474,51.87507897342767,22.55324456138717,1,00000028.wav,id_00,pump,abnormal
60.72427902773566,46.35261450373002,65.44877637094913,61.97314563494104,41.37440056355726,52.23713295900295,21.906056440936364,1,00000029.wav,id_00,pump,abnormal
60.04532663546354,42.83396666198993,65.18702788041678,58.6787914507788,41.11587347895959,51.89609597129397,21.74785668130795,1,00000030.wav,id_00,pump,abnormal
60.37372769277769,43.622910820221705,65.41057804598917,62.63563859384064,41.02931487344331,51.84999212906982,21.823020762773748,1,00000031.wav,id_00,pump,abnormal
57.37829676022525,48.328838171087,64.40501096166963,59.47486901199715,41.42491436408432,51.22248880598704,21.902711311099228,1,00000032.wav,id_00,pump,abnormal
58.30574811769611,48.57773213805055,66.09065271330843,64.50010261072222,40.234739169977296,52.81385142946908,21.727115509184006,1,00000033.wav,id_00,pump,abnormal
57.9820273908619,46.79678730222084,65.5292184869416,61.46194988172604,41.07091710589303,52.06085103978408,22.308264989388267,1,00000034.wav,id_00,pump,abnormal
57.01989831092047,45.44988163048086,65.21076855165771,58.85891495591631,40.78629845091392,51.81257711027732,21.68207645509825,1,00000035.wav,id_00,pump,abnormal
59.48296267379109,48.41935792296374,65.45608883117063,60.22252449769552,41.04665327729374,52.13966292455635,21.72450870654665,0,00000036.wav,id_00,pump,abnormal
57.32755975693334,42.34817655402867,64.76889193905423,59.41610309543268,41.03791291378242,51.179479770676416,21.39840755403993,1,00000037.wav,id_00,pump,abnormal
56.8933177548401,46.26764808903827,65.21744890387602,54.4171327244135,41.02614943496921,51.55957188662477,21.77449124423711,1,00000038.wav,id_00,pump,abnormal
61.91362288822265,38.26277626255019,65.83600561924305,60.81862612525956,40.52242942718954,52.33096968417793,21.49009654255342,1,00000039.wav,id_00,pump,abnormal
61.55312709398123,51.62771152139521,65.59379664384318,61.24526022663707,40.73079500438227,52.233872131562926,20.96280751879872,1,00000040.wav,id_00,pump,abnormal
57.39788481596452,45.71933948609215,64.65767296752487,62.53139701998487,41.6219502183558,51.46840650441239,22.18432992486817,1,00000041.wav,id_00,pump,abnormal
58.91654711037632,39.13839863880399,65.86038776692303,62.60488773046941,40.31438007996736,52.18921579310582,20.64876766043362,1,00000042.wav,id_00,pump,abnormal
58.31418606187785,46.51917876141216,64.38634863092518,59.15166802534401,41.48268554445048,51.26073209059201,22.29453067082333,0,00000043.wav,id_00,pump,abnormal
64.40691625689405,44.29376603340543,66.13867341347577,61.04009216868135,40.32675595041377,52.34035631640749,21.62015260497982,1,00000044.wav,id_00,pump,abnormal
58.3569697713223,46.76153042641451,64.27970307358302,54.76311303672644,41.268594208910784,51.013231260822565,20.833100448783554,1,00000045.wav,id_00,pump,abnormal
60.658393986304304,50.78004446071969,65.39351635394837,60.826094004931576,40.967470782740016,51.8781558512746,21.449941449732023,1,00000046.wav,id_00,pump,abnormal
65.35470940001397,46.3128983373245,66.28139946800218,62.248130226635546,40.58931046669841,52.75666087076836,21.80335819773357,1,00000047.wav,id_00,pump,abnormal
58.76771366036672,48.03208021737336,65.8963482243042,63.72649119601152,40.98418978278769,52.61824723559229,21.47472385718472,0,00000048.wav,id_00,pump,abnormal
57.82299589690942,45.2358702240866,65.1630207379339,59.30233541590449,40.97676025944426,51.74230194667855,22.33360440204113,1,00000049.wav,id_00,pump,abnormal
58.82584740837632,46.869275518658384,65.82039961577033,63.22120775057898,40.71797550615543,52.48855197075296,21.339334198258328,1,00000050.wav,id_00,pump,abnormal
57.97553445380919,43.52939005066267,65.59413676744501,59.60685070198858,40.48958126966695,52.62230524285652,20.350991484617083,1,00000051.wav,id_00,pump,abnormal
61.9330210186605,51.39281577099986,63.4478543613177,62.49171079769785,42.21541291362201,50.35302383134805,20.80915886556482,0,00000052.wav,id_00,pump,abnormal
55.48414501423031,52.78383641814665,62.81728259737629,58.44287760911743,42.35118291752711,49.539925241144296,20.130085113392404,0,00000053.wav,id_00,pump,abnormal
58.02307694029344,42.95890322428164,63.56401976893819,58.67319995721799,41.79946467688666,50.40381876857175,20.29581407478601,0,00000054.wav,id_00,pump,abnormal
58.3366865602477,51.009129624601634,63.08727302496747,59.61198527743249,42.4545291674355,50.05453701173681,20.660744264030164,1,00000055.wav,id_00,pump,abnormal
60.47846685474855,42.9099831192364,61.65429696584271,59.20414983060771,42.417839073198685,48.615290172161416,20.39606480746516,1,00000056.wav,id_00,pump,abnormal
56.60936892477267,42.56206943596007,62.41015985090382,59.53296097536276,42.389575166085166,49.1679791306659,20.34176387089183,0,00000057.wav,id_00,pump,abnormal
55.92261789002509,46.75451857379302,63.14757431479601,58.17159223366146,42.25240411569207,49.93431116391286,20.60698398922668,1,00000058.wav,id_00,pump,abnormal
54.14117622711649,51.19067342063919,62.48813999931726,60.324197941775154,41.82833478653768,49.41300275899522,21.0683672878541,1,00000059.wav,id_00,pump,abnormal
56.404096727759,47.62894309279932,63.10317216814824,59.82114516761412,42.29818143581723,49.94913062139952,21.347101988824186,0,00000060.wav,id_00,pump,abnormal
55.892565676932975,45.00169916102972,63.213628170084846,59.035376053912174,41.725194453075936,49.85006446910091,20.182817906008463,1,00000061.wav,id_00,pump,abnormal
60.971326301602346,49.50457073203137,62.89063398678214,58.90360950153933,41.52045723500888,49.54427306178971,20.68589912743835,0,00000062.wav,id_00,pump,abnormal
56.756859540802935,49.0651927887923,63.82484011065021,62.804074825036864,41.76516410961256,50.64577754652501,21.909248448026084,0,00000063.wav,id_00,pump,abnormal
56.34662641252967,50.85889647494804,62.34704032993014,59.18082137784621,42.99198211432114,49.38380412368403,21.128846691525,0,00000064.wav,id_00,pump,abnormal
54.00578482690543,45.44818780690501,62.62135091057424,59.42761135798925,42.37210134934193,49.52968312445893,20.36038421238404,1,00000065.wav,id_00,pump,abnormal
55.76842732035405,41.11332507146204,63.08951156490535,58.28595934205661,42.12288373317311,50.00889654855556,21.02727892124981,1,00000066.wav,id_00,pump,abnormal
55.4231851428944,50.69933221039821,62.3309603927158,58.486107340640274,42.82975826449488,49.24495454868417,21.60833626684088,0,00000067.wav,id_00,pump,abnormal
56.90893779232741,48.905546204754174,62.25633529746189,60.86908899832634,43.08975821590123,49.26915872861606,21.25946789107812,1,00000068.wav,id_00,pump,abnormal
56.187720119777794,44.74584505115902,64.3120241168416,58.69549982761643,41.30477131226632,50.82414381320871,20.43993256242,1,00000069.wav,id_00,pump,abnormal
64.01608970414111,43.70616989026916,69.65308751699598,67.87620732523965,37.58979763511586,56.36029336925063,19.95657436182456,1,00000070.wav,id_00,pump,abnormal
63.66223802963759,45.17007035692716,68.9988328626043,67.56980029005499,39.19923029212988,55.509094073443904,22.831197519263725,0,00000071.wav,id_00,pump,abnormal
63.537150765600586,48.33097223543423,68.65549428722109,69.12521382699246,39.31951294862572,55.18936139528468,22.53830385847893,0,00000072.wav,id_00,pump,abnormal
59.20234477079873,52.634013555051794,68.50369690128485,66.18815875135164,39.97717097679378,55.16203889850101,23.069890015872662,1,00000073.wav,id_00,pump,abnormal
57.72156589532267,44.15990453152511,68.45876735737389,68.79842170832163,39.61207245894416,55.19507009896612,21.90487162989876,1,00000074.wav,id_00,pump,abnormal
63.19660671558688,47.01175154809393,68.28084457042884,68.03937999155116,39.68482887420228,54.8355655983997,22.749918230850945,1,00000075.wav,id_00,pump,abnormal
60.839481466765534,51.5632845390933,67.70379940377697,66.31311217320803,40.41685133679368,54.387855863807445,23.27636455224404,1,00000076.wav,id_00,pump,abnormal
65.77694507513979,48.553496569894335,67.70325317148607,64.17323873016369,40.32446175519026,54.23762289097098,22.581411441839688,0,00000077.wav,id_00,pump,abnormal
52.54575895194793,47.81802389570204,60.93258964604127,64.25402738976328,44.49851874001427,46.8970684879369,20.25883750088433,1,00000078.wav,id_00,pump,abnormal
52.89602989846202,44.79946836656285,61.42483080456715,63.425112378310985,43.91573847517089,47.72795923847417,19.786502702869385,1,00000079.wav,id_00,pump,abnormal
54.84868746136635,48.49529442051619,61.81263889076848,65.48122203352942,43.86126868192036,47.81014008419882,19.95492682785563,1,00000080.wav,id_00,pump,abnormal
53.95751248728613,48.45550349963847,61.10899028760807,63.36905881279976,44.38721182076689,47.15387967395774,20.46296314880122,1,00000081.wav,id_00,pump,abnormal
57.476507575850434,48.52734281326586,61.21073918609319,64.69544562052317,43.94042104317908,47.30191524889008,19.56141539876496,1,00000082.wav,id_00,pump,abnormal
57.49691911677172,40.15852898990393,61.14127732890877,63.66652436036278,44.34631452281852,47.07369301542584,20.21014441176554,1,00000083.wav,id_00,pump,abnormal
54.29782995294315,44.08483615613578,61.44069423516454,65.31528307176507,43.67628005515284,47.78947728191792,18.74557012540128,1,00000084.wav,id_00,pump,abnormal
59.77639350200366,46.52201505770012,61.28862514284938,62.80242750917346,44.16604906077376,47.28082717580237,20.34422253755049,0,00000085.wav,id_00,pump,abnormal
56.11811598354717,47.25384631178722,61.01170433828286,64.47009014751401,44.30100149860364,46.96128609348172,19.977400990177227,1,00000086.wav,id_00,pump,abnormal
55.27819820549729,42.88587025568148,61.31887203093056,65.31457259774784,44.1325723248028,47.60756011010721,19.46945745396568,1,00000087.wav,id_00,pump,abnormal
53.30482207507095,48.92648737849776,60.71682562865609,64.13824582594269,44.72972109147708,46.83079150901551,20.32000903983896,1,00000088.wav,id_00,pump,abnormal
53.8592446516995,40.0341073739471,61.03739476445118,64.33675111156225,44.18953447428471,47.17512399375981,19.507996893455086,1,00000089.wav,id_00,pump,abnormal
52.514905207149184,47.63313240854288,60.5392483182687,62.8883888019687,44.58420335979618,46.4730085802176,20.17410846196575,1,00000090.wav,id_00,pump,abnormal
53.26020768870484,45.262829934627845,60.853807326101,62.55894660558992,44.07292425193002,46.78711620356732,19.400932820297427,1,00000091.wav,id_00,pump,abnormal
73.21837564523105,55.49053393719153,63.84546142175162,69.92336708995553,43.55925673250374,51.995371412364406,22.6992245616524,0,00000092.wav,id_00,pump,abnormal
59.01579877900608,55.33428975893676,62.914316044230056,68.50287776357104,46.51213995002169,50.65398320798624,26.0872143537679,0,00000093.wav,id_00,pump,abnormal
56.39363033006913,57.809874987415405,62.31401249926256,66.59490969440729,46.70011971222646,50.06737294162374,25.691178829930944,0,00000094.wav,id_00,pump,abnormal
61.43498911458997,55.68733381879185,62.02035839398447,67.74344490750119,46.83725468151077,49.88643950169521,26.531755050502586,0,00000095.wav,id_00,pump,abnormal
57.95660133264306,53.12792217394756,62.551441898436,57.043594635888766,44.64837751318213,50.157276530131305,23.777374730970426,0,00000096.wav,id_00,pump,abnormal
62.49843227705708,52.5052836170785,62.33292837435878,68.93278329509835,44.87330752252321,50.413060638887686,23.93152056803436,0,00000097.wav,id_00,pump,abnormal
60.43402678365342,57.08669964742825,67.91877319397922,70.34049515309525,42.4746557972284,56.64642683735367,23.348410435924126,0,00000098.wav,id_00,pump,abnormal
60.45887196442948,48.52820790631752,61.86147677360976,66.5266334765318,45.09408074751056,50.06100906237055,23.77537935869413,0,00000099.wav,id_00,pump,abnormal
55.186505978635125,56.773503001727335,62.14247332613042,66.6091733539475,45.28528890046936,50.79815106625823,24.344329733907827,0,00000100.wav,id_00,pump,abnormal
57.98009308288286,56.91714928623486,61.38675226533618,65.79323973062486,48.0823500606038,49.07593039035536,27.19250828537184,0,00000101.wav,id_00,pump,abnormal
55.32454994917197,55.07242505439714,61.38040372489291,67.92531374075224,45.29884127778447,49.51275854249548,23.63242244467273,0,00000102.wav,id_00,pump,abnormal
62.73021511524684,48.36339798036661,65.49952943966335,61.44189825562832,42.37691627949423,52.83512015765711,22.686293458791216,0,00000103.wav,id_00,pump,abnormal
57.95510155148327,51.39509580609814,65.3073892286991,67.06162548002447,44.48550203009917,52.24343244842703,24.95143918186277,0,00000104.wav,id_00,pump,abnormal
68.15203159413466,54.9815969037294,65.18968731216381,67.75871818491746,44.7841832979657,52.08615341803237,25.71621854942147,0,00000105.wav,id_00,pump,abnormal
58.96196435164936,58.44050093467873,65.16580960242621,63.08948566838124,45.70782884410332,52.70981207712071,25.32017212018129,1,00000106.wav,id_00,pump,abnormal
62.58529636142271,46.24705041747251,65.5809914162604,66.03025960744029,43.01244310233363,53.19190019683199,22.96591902712157,1,00000107.wav,id_00,pump,abnormal
58.65024552453542,52.63538335474817,64.64718343983893,60.70065835643848,44.22511229376472,52.26997048343343,24.74369240109928,1,00000108.wav,id_00,pump,abnormal
64.70661357752618,50.41649732368937,65.73992155311593,67.40195086633673,42.95262990366819,52.92250895669827,23.904302199995847,1,00000109.wav,id_00,pump,abnormal
60.88874200326032,50.43096557063641,64.26259178360054,63.3955342164981,44.64795960767442,51.158252703372064,24.88736510748917,0,00000110.wav,id_00,pump,abnormal
69.38468171170462,55.13078998841348,64.88631433886405,66.88832374701643,45.01476153774577,51.86313380822391,26.231987862076544,0,00000111.wav,id_00,pump,abnormal
61.811000202014526,46.19975646979771,64.82892465119215,66.29819004032974,43.148435772233,52.1508306806846,22.1751732809857,0,00000112.wav,id_00,pump,abnormal
61.7853780645693,58.13183942439248,63.77925355615553,62.44313972534242,46.31297357500543,51.38011976842428,27.46651960508861,0,00000113.wav,id_00,pump,abnormal
56.265459233780575,48.60525851097128,66.03450084060736,63.4457095588744,42.71454351603872,53.15595714272207,21.97505222998531,0,00000114.wav,id_00,pump,abnormal
61.558379292145474,52.53151400226586,64.66367844891982,60.93590536065175,43.56652579140706,52.1775994553232,22.85733943228733,0,00000115.wav,id_00,pump,abnormal
58.45929471223323,59.26489656115081,62.97391559859192,58.61107368671327,47.864771537713,51.29197477412679,26.93494115953672,0,00000116.wav,id_00,pump,abnormal
61.21733270057848,56.18916957469799,64.03312080449899,59.457515156283584,46.20231655237645,51.46172744073327,26.567310251800635,1,00000117.wav,id_00,pump,abnormal
58.72539633083497,51.705335433847765,64.17594965352531,66.84592034570153,44.79998229143643,52.22899389620791,23.50292562040344,1,00000118.wav,id_00,pump,abnormal
59.07563507694607,55.765063807149865,63.98885692073748,64.11279227520919,45.50192582781352,51.1347154768248,25.967569568562915,1,00000119.wav,id_00,pump,abnormal
62.55173345003172,44.35152283299532,64.8431424894676,65.5937816042696,42.67646702615925,52.65636124703009,22.476693645853352,1,00000120.wav,id_00,pump,abnormal
62.89131293289958,55.69090242734866,63.13445196935298,63.85099666049988,46.88117932489585,50.65890300976618,26.6731986272827,0,00000121.wav,id_00,pump,abnormal
59.45825160454214,57.30031733137921,58.11603158114737,62.88787343932653,49.880881858066026,42.20540639103006,28.67790045426255,0,00000122.wav,id_00,pump,abnormal
52.038256946163386,58.07341954369524,56.9774482306982,59.34997281224448,52.39412954081197,42.752681879698414,30.705169566457208,0,00000123.wav,id_00,pump,abnormal
64.26335430353726,45.46240107636908,59.77538704280673,63.9144166340207,45.11859709852579,47.82835769710915,24.342654587670275,0,00000124.wav,id_00,pump,abnormal
52.36499847318606,44.76940341469042,63.06046008500428,68.54582722027205,43.49304930206238,49.18639773161058,21.56721125268849,0,00000125.wav,id_00,pump,abnormal
56.265564999667845,44.43099522334444,61.37736986527425,63.58145940279807,45.22267527787155,50.90152263414167,24.80638722398032,0,00000126.wav,id_00,pump,abnormal
58.00740162792107,48.36030437060192,73.04373175702464,71.24034810479579,34.61107819894397,62.2267179502728,14.207278490724688,0,00000127.wav,id_00,pump,abnormal
57.90805242764537,60.91371221700451,58.92597915145569,62.61789304007948,49.9100174669704,43.734104510306366,28.54374250623464,0,00000128.wav,id_00,pump,abnormal
55.910164654026346,51.16820821878416,60.584894929083895,61.3421808023002,45.53381484950402,49.429292686591495,26.534880949701297,0,00000129.wav,id_00,pump,abnormal
56.74202673410531,54.382767496872205,59.4248776492681,59.54362813266792,46.86564118214344,48.78793935281968,27.58793983491854,0,00000130.wav,id_00,pump,abnormal
52.128264322376936,51.68705591037611,59.785586723724165,64.64887385322511,47.405816698177325,45.33458950781268,26.71143049761861,0,00000131.wav,id_00,pump,abnormal
59.154608102776535,37.21107429064183,59.395353901092655,61.20306616491808,47.4351172032546,49.30804117302142,27.96268318467937,0,00000132.wav,id_00,pump,abnormal
57.3226317214787,48.38977891261091,59.41957353350038,59.35623188417728,45.504866510637655,48.2504767992618,25.455246311799826,0,00000133.wav,id_00,pump,abnormal
57.343883781737816,49.17794023795322,63.84110794509519,67.4111055050914,42.99847139811133,49.958402426578175,21.81332654466292,0,00000134.wav,id_00,pump,abnormal
53.65062162392792,56.26582408726917,60.04864349671747,66.52692855631832,48.19729857537744,46.1886875041281,26.91368119103717,0,00000135.wav,id_00,pump,abnormal
55.86062028861761,56.10212831688705,61.29957054232395,66.56387530772726,47.29977141041614,46.899980351275325,26.81198306910481,0,00000136.wav,id_00,pump,abnormal
63.53573886963508,50.55965336501984,61.378547419962125,66.89504218682396,46.22463679708058,48.45041210162304,25.26397255185483,0,00000137.wav,id_00,pump,abnormal
53.65431263568365,40.49637298133975,74.27710594461205,69.45080396586715,32.648177227343666,59.42426402678456,15.96976112712835,0,00000138.wav,id_00,pump,abnormal
56.63014869763117,40.285483595393146,75.137294083039,70.75238893089,32.76384322307154,59.910491381348486,16.51751921283138,0,00000139.wav,id_00,pump,abnormal
60.80197925851724,45.16400450037405,73.67542081119599,68.9877259900297,34.99743442704796,56.96064912485178,19.009075955595502,1,00000140.wav,id_00,pump,abnormal
57.63814689885047,48.77482594708857,70.92080173869587,67.1045756760783,41.41376801757155,52.13240470587962,23.79673371960547,0,00000141.wav,id_00,pump,abnormal
59.783897198815566,48.98934496743727,61.009185719429794,59.71868625840871,45.92568461972213,49.11694237208339,24.72933988973207,0,00000142.wav,id_00,pump,abnormal
